{
    "BOM": [19.0886993408, 72.8678970337],
    "DEL": [28.5665, 77.103104],
    "MUC": [48.353802, 11.7861],
    "FRA": [50.033333, 8.570556],
    "CPH": [55.617900848389, 12.656000137329],
    "BRU": [50.9014015198, 4.48443984985],
    "CDG": [49.012798, 2.55],
    "BOG": [4.70159, -74.1469],
    "ATH": [37.9364013672, 23.9444999695],
    "DUB": [53.421299, -6.27007],
    "YYZ": [43.6772003174, -79.6305999755999],
    "CNF": [-19.6244430541992, -43.9719429016113],
    "MEL": [-37.673302, 144.843002],
    "SYD": [-33.9460983276367, 151.177001953125],
    "VIE": [48.110298156738, 16.569700241089],
    "SCL": [-33.3930015563964, -70.7857971191406],
    "GRU": [-23.4355564117431, -46.4730567932128],
    "CAI": [30.1219005584716, 31.4055995941162],
    "AEP": [-34.5592, -58.4156],
    "VCP": [-23.0074005127, -47.1344985962],
    "PVG": [31.1434001922607, 121.805000305175],
    "SZX": [22.6392993927001, 113.810997009277],
    "ADD": [8.97789001465, 38.7993011474999],
    "SHA": [31.1979007720947, 121.335998535156],
    "HGH": [30.2294998168945, 120.43399810791],
    "CAN": [23.3924007415771, 113.299003601074],
    "CTU": [30.5785007476806, 103.946998596191],
    "XIY": [34.447102, 108.751999],
    "CGO": [34.5196990966999, 113.841003418],
    "ALG": [36.6910018920898, 3.21540999412536],
    "PEK": [40.0801010131835, 116.584999084472],
    "BLR": [13.1979, 77.706299],
    "DXB": [25.2527999878, 55.3643989563],
    "FCO": [41.8002778, 12.2388889],
    "LHR": [51.4706, -0.461941],
    "AMS": [52.308601, 4.76389],
    "SIN": [1.35019, 103.994003],
    "ZRH": [47.464699, 8.54917],
    "MEX": [19.4363, -99.072098],
    "OSL": [60.121, 11.0502],
    "MXP": [45.6306, 8.72811],
    "IAH": [29.9843997955322, -95.3414001464843],
    "ARN": [59.651901245117, 17.918600082397],
    "SFO": [37.6189994812011, -122.375],
    "PHX": [33.4342994689941, -112.012001037597],
    "MAD": [40.471926, -3.56264],
    "MCO": [28.4293994903564, -81.3089981079101],
    "LIS": [38.7813, -9.13592],
    "MAN": [53.3536987304687, -2.27495002746582],
    "LIM": [-12.0219, -77.114305],
    "LAX": [33.94250107, -118.4079971],
    "DOH": [25.273056, 51.608056],
    "MIA": [25.7931995391845, -80.2906036376953],
    "JFK": [40.63980103, -73.77890015],
    "FLL": [26.072599, -80.152702],
    "LGW": [51.148102, -0.190278],
    "SEA": [47.449001, -122.308998],
    "ATL": [33.6367, -84.428101],
    "ORD": [41.9786, -87.9048],
    "KUL": [2.745579957962, 101.70999908447],
    "ICN": [37.4691009521484, 126.450996398925],
    "BKK": [13.6810998916625, 100.747001647949],
    "CLT": [35.2140007019043, -80.9430999755859],
    "NRT": [35.7647018433, 140.386001587],
    "CGK": [-6.1255698204, 106.65599823],
    "MNL": [14.5086, 121.019997],
    "PTY": [9.0713596344, -79.3834991455],
    "IST": [41.275278, 28.751944],
    "CPT": [-33.9648017883, 18.6016998291],
    "SGN": [10.8187999725, 106.652000427],
    "JNB": [-26.1392, 28.246],
    "NBO": [-1.31923997402, 36.9277992249],
    "HND": [35.552299, 139.779999],
    "TPE": [25.0777, 121.233002],
    "SAW": [40.898601532, 29.3092002869],
    "CMN": [33.3675003051757, -7.58997011184692],
    "DME": [55.4087982177734, 37.9062995910644],
    "SVO": [55.972599, 37.4146]
}
